city,country,date_time,temperature_celsius,feels_like_celsius,temperature_min_celsius,temperature_max_celsius,weather,pressure,humidity,wind_speed,wind_deg,lat,lon
Vancouver,CA,2025-03-31 00:00:00,10.69,9.72,10.24,10.69,overcast clouds,999,73,2.37,358,49.2497,-123.1193
Vancouver,CA,2025-03-31 01:00:00,10.22,9.18,9.36,10.22,overcast clouds,999,72,1.74,28,49.2497,-123.1193
Vancouver,CA,2025-03-31 02:00:00,9.49,9.49,8.61,9.49,overcast clouds,999,72,0.63,91,49.2497,-123.1193
Vancouver,CA,2025-03-31 03:00:00,8.5,8.5,7.92,8.5,overcast clouds,1000,74,1.23,173,49.2497,-123.1193
Vancouver,CA,2025-03-31 04:00:00,8.3,7.18,8.3,8.3,overcast clouds,1000,74,2.04,39,49.2497,-123.1193
Vancouver,CA,2025-03-31 05:00:00,8.59,8.59,8.59,8.59,overcast clouds,1000,70,1.21,33,49.2497,-123.1193
Vancouver,CA,2025-03-31 06:00:00,8.99,7.25,8.99,8.99,overcast clouds,1001,72,3.08,129,49.2497,-123.1193
Vancouver,CA,2025-03-31 07:00:00,7.99,4.58,7.99,7.99,moderate rain,1003,87,6.32,130,49.2497,-123.1193
Vancouver,CA,2025-03-31 08:00:00,7.58,4.73,7.58,7.58,moderate rain,1004,88,4.63,125,49.2497,-123.1193
Vancouver,CA,2025-03-31 09:00:00,7.68,4.77,7.68,7.68,light rain,1004,87,4.81,119,49.2497,-123.1193
Vancouver,CA,2025-03-31 10:00:00,7.49,4.71,7.49,7.49,light rain,1004,88,4.42,104,49.2497,-123.1193
Vancouver,CA,2025-03-31 11:00:00,6.56,4.15,6.56,6.56,light rain,1004,89,3.35,105,49.2497,-123.1193
Vancouver,CA,2025-03-31 12:00:00,6.58,4.46,6.58,6.58,moderate rain,1005,91,2.92,140,49.2497,-123.1193
Vancouver,CA,2025-03-31 13:00:00,7.13,5.58,7.13,7.13,moderate rain,1006,90,2.3,162,49.2497,-123.1193
Vancouver,CA,2025-03-31 14:00:00,7.72,7.07,7.72,7.72,light rain,1006,87,1.48,167,49.2497,-123.1193
Vancouver,CA,2025-03-31 15:00:00,9.35,9.06,9.35,9.35,light rain,1006,80,1.36,183,49.2497,-123.1193
Vancouver,CA,2025-03-31 16:00:00,8.68,8.68,8.68,8.68,overcast clouds,1006,75,0.98,151,49.2497,-123.1193
Vancouver,CA,2025-03-31 17:00:00,10.08,8.95,10.08,10.08,overcast clouds,1006,69,1.23,174,49.2497,-123.1193
Vancouver,CA,2025-03-31 18:00:00,10.14,8.96,10.14,10.14,overcast clouds,1005,67,2.14,216,49.2497,-123.1193
Vancouver,CA,2025-03-31 19:00:00,9.74,9.32,9.74,9.74,overcast clouds,1005,67,1.53,223,49.2497,-123.1193
Vancouver,CA,2025-03-31 20:00:00,9.79,9.79,9.79,9.79,overcast clouds,1005,65,1.11,241,49.2497,-123.1193
Vancouver,CA,2025-03-31 21:00:00,9.81,9.19,9.81,9.81,broken clouds,1005,64,1.75,275,49.2497,-123.1193
Vancouver,CA,2025-03-31 22:00:00,9.76,8.95,9.76,9.76,overcast clouds,1004,64,1.95,265,49.2497,-123.1193
Vancouver,CA,2025-03-31 23:00:00,8.66,7.51,8.66,8.66,overcast clouds,1005,71,2.14,258,49.2497,-123.1193
Victoria,CA,2025-03-31 00:00:00,10.45,9.51,8.43,10.45,overcast clouds,999,75,3.7,34,48.4329,-123.3693
Victoria,CA,2025-03-31 01:00:00,9.82,7.72,8.12,9.82,overcast clouds,999,76,4.13,55,48.4329,-123.3693
Victoria,CA,2025-03-31 02:00:00,9.1,6.27,7.86,9.1,overcast clouds,1000,77,5.51,88,48.4329,-123.3693
Victoria,CA,2025-03-31 03:00:00,8.05,5.31,7.32,8.05,overcast clouds,999,77,4.62,86,48.4329,-123.3693
Victoria,CA,2025-03-31 04:00:00,8.75,7.72,8.75,8.75,overcast clouds,999,79,2.02,96,48.4329,-123.3693
Victoria,CA,2025-03-31 05:00:00,8.53,7.38,8.53,8.53,overcast clouds,1000,82,2.12,137,48.4329,-123.3693
Victoria,CA,2025-03-31 06:00:00,8.2,7.61,8.2,8.2,overcast clouds,1001,89,1.49,299,48.4329,-123.3693
Victoria,CA,2025-03-31 07:00:00,8.01,6.78,8.01,8.01,overcast clouds,1001,91,2.11,319,48.4329,-123.3693
Victoria,CA,2025-03-31 08:00:00,7.09,7.09,7.09,7.09,overcast clouds,1003,92,1,5,48.4329,-123.3693
Victoria,CA,2025-03-31 09:00:00,6.67,6.67,6.67,6.67,light rain,1003,93,0.86,60,48.4329,-123.3693
Victoria,CA,2025-03-31 10:00:00,7.41,7.41,7.41,7.41,light rain,1003,92,0.86,317,48.4329,-123.3693
Victoria,CA,2025-03-31 11:00:00,7.25,6.7,7.25,7.25,light rain,1004,92,1.35,323,48.4329,-123.3693
Victoria,CA,2025-03-31 12:00:00,6.34,4.72,6.34,6.34,light rain,1004,92,2.23,323,48.4329,-123.3693
Victoria,CA,2025-03-31 13:00:00,7.64,7.64,7.64,7.64,overcast clouds,1005,90,0.98,317,48.4329,-123.3693
Victoria,CA,2025-03-31 14:00:00,8.46,7.59,8.46,8.46,overcast clouds,1005,87,1.79,333,48.4329,-123.3693
Victoria,CA,2025-03-31 15:00:00,9.07,8.29,9.07,9.07,overcast clouds,1005,84,1.8,4,48.4329,-123.3693
Victoria,CA,2025-03-31 16:00:00,9.12,8.39,9.12,9.12,light rain,1006,80,1.75,43,48.4329,-123.3693
Victoria,CA,2025-03-31 17:00:00,8.93,8.93,8.93,8.93,light rain,1006,79,1.14,74,48.4329,-123.3693
Victoria,CA,2025-03-31 18:00:00,9.18,9.18,9.18,9.18,light rain,1006,78,0.97,140,48.4329,-123.3693
Victoria,CA,2025-03-31 19:00:00,9.48,8.97,9.48,9.48,light rain,1005,78,1.58,188,48.4329,-123.3693
Victoria,CA,2025-03-31 20:00:00,9.75,8.26,9.75,9.75,overcast clouds,1005,78,2.92,223,48.4329,-123.3693
Victoria,CA,2025-03-31 21:00:00,9.39,7.17,9.39,9.39,overcast clouds,1005,81,4.18,237,48.4329,-123.3693
Victoria,CA,2025-03-31 22:00:00,8.64,6.01,8.64,8.64,broken clouds,1006,85,4.71,251,48.4329,-123.3693
Victoria,CA,2025-03-31 23:00:00,7.71,4.64,7.71,7.71,light rain,1006,89,5.2,250,48.4329,-123.3693
Calgary,CA,2025-03-31 00:00:00,-1.39,-6.35,-1.39,-1.19,broken clouds,1015,84,4.51,139,51.0501,-114.0853
Calgary,CA,2025-03-31 01:00:00,-1.56,-6.42,-1.74,-1.56,broken clouds,1015,81,4.31,138,51.0501,-114.0853
Calgary,CA,2025-03-31 02:00:00,-1.85,-6.68,-2.12,-1.85,scattered clouds,1015,78,4.17,144,51.0501,-114.0853
Calgary,CA,2025-03-31 03:00:00,-1.93,-6.91,-2.05,-1.93,few clouds,1015,75,4.36,146,51.0501,-114.0853
Calgary,CA,2025-03-31 04:00:00,-1.94,-6.95,-1.94,-1.94,clear sky,1014,72,4.4,148,51.0501,-114.0853
Calgary,CA,2025-03-31 05:00:00,-2.18,-7.09,-2.18,-2.18,clear sky,1013,69,4.18,145,51.0501,-114.0853
Calgary,CA,2025-03-31 06:00:00,-2.38,-7.16,-2.38,-2.38,clear sky,1013,71,3.94,145,51.0501,-114.0853
Calgary,CA,2025-03-31 07:00:00,-2.43,-6.89,-2.43,-2.43,few clouds,1012,74,3.52,146,51.0501,-114.0853
Calgary,CA,2025-03-31 08:00:00,-2.43,-6.7,-2.43,-2.43,scattered clouds,1011,77,3.3,148,51.0501,-114.0853
Calgary,CA,2025-03-31 09:00:00,-2.57,-6.97,-2.57,-2.57,scattered clouds,1011,79,3.42,147,51.0501,-114.0853
Calgary,CA,2025-03-31 10:00:00,-2.36,-7.07,-2.36,-2.36,overcast clouds,1010,81,3.85,149,51.0501,-114.0853
Calgary,CA,2025-03-31 11:00:00,-2.2,-6.9,-2.2,-2.2,overcast clouds,1009,81,3.88,148,51.0501,-114.0853
Calgary,CA,2025-03-31 12:00:00,-2.08,-7.13,-2.08,-2.08,overcast clouds,1008,77,4.4,148,51.0501,-114.0853
Calgary,CA,2025-03-31 13:00:00,-1.97,-7.29,-1.97,-1.97,overcast clouds,1007,70,4.85,149,51.0501,-114.0853
Calgary,CA,2025-03-31 14:00:00,-1.95,-7.17,-1.95,-1.95,overcast clouds,1006,65,4.71,148,51.0501,-114.0853
Calgary,CA,2025-03-31 15:00:00,0.95,-3.45,0.95,0.95,overcast clouds,1005,61,4.52,145,51.0501,-114.0853
Calgary,CA,2025-03-31 16:00:00,3.8,0.23,3.8,3.8,overcast clouds,1003,57,4.27,143,51.0501,-114.0853
Calgary,CA,2025-03-31 17:00:00,4.69,1.58,4.69,4.69,overcast clouds,1003,54,3.83,141,51.0501,-114.0853
Calgary,CA,2025-03-31 18:00:00,5.39,2.53,5.39,5.39,overcast clouds,1001,51,3.67,138,51.0501,-114.0853
Calgary,CA,2025-03-31 19:00:00,5.88,3.3,5.88,5.88,overcast clouds,1000,50,3.4,130,51.0501,-114.0853
Calgary,CA,2025-03-31 20:00:00,5.99,3.49,5.99,5.99,overcast clouds,1000,50,3.3,124,51.0501,-114.0853
Calgary,CA,2025-03-31 21:00:00,5.72,3.03,5.72,5.72,overcast clouds,1000,53,3.52,113,51.0501,-114.0853
Calgary,CA,2025-03-31 22:00:00,4.93,1.99,4.93,4.93,overcast clouds,1000,59,3.64,96,51.0501,-114.0853
Calgary,CA,2025-03-31 23:00:00,3.04,-0.32,3.04,3.04,overcast clouds,1001,68,3.64,84,51.0501,-114.0853
Edmonton,CA,2025-03-31 00:00:00,-2.22,-6.42,-2.22,-1.95,few clouds,1018,75,3.28,125,53.5501,-113.4687
Edmonton,CA,2025-03-31 01:00:00,-2.07,-6.27,-2.07,-1.74,few clouds,1019,77,3.31,129,53.5501,-113.4687
Edmonton,CA,2025-03-31 02:00:00,-2.15,-6.17,-2.15,-2.06,few clouds,1019,81,3.09,131,53.5501,-113.4687
Edmonton,CA,2025-03-31 03:00:00,-2.79,-6.86,-2.92,-2.79,few clouds,1019,83,3.01,134,53.5501,-113.4687
Edmonton,CA,2025-03-31 04:00:00,-3.46,-7.47,-3.46,-3.46,broken clouds,1018,86,2.82,130,53.5501,-113.4687
Edmonton,CA,2025-03-31 05:00:00,-3.99,-8.1,-3.99,-3.99,broken clouds,1018,89,2.81,128,53.5501,-113.4687
Edmonton,CA,2025-03-31 06:00:00,-8.3,-13.2,-8.3,-8.3,broken clouds,1017,89,2.77,130,53.5501,-113.4687
Edmonton,CA,2025-03-31 07:00:00,-8.53,-13.39,-8.53,-8.53,broken clouds,1017,89,2.7,129,53.5501,-113.4687
Edmonton,CA,2025-03-31 08:00:00,-8.46,-13.43,-8.46,-8.46,broken clouds,1017,89,2.8,123,53.5501,-113.4687
Edmonton,CA,2025-03-31 09:00:00,-8.49,-13.12,-8.49,-8.49,broken clouds,1016,89,2.53,122,53.5501,-113.4687
Edmonton,CA,2025-03-31 10:00:00,-8.68,-13.26,-8.68,-8.68,clear sky,1016,90,2.47,122,53.5501,-113.4687
Edmonton,CA,2025-03-31 11:00:00,-4.46,-8.45,-4.46,-4.46,clear sky,1015,90,2.62,122,53.5501,-113.4687
Edmonton,CA,2025-03-31 12:00:00,-2.64,-6.69,-2.64,-2.64,clear sky,1014,87,3.02,125,53.5501,-113.4687
Edmonton,CA,2025-03-31 13:00:00,-1.07,-5.38,-1.07,-1.07,clear sky,1013,85,3.71,134,53.5501,-113.4687
Edmonton,CA,2025-03-31 14:00:00,-0.06,-4.49,-0.06,-0.06,clear sky,1011,84,4.19,133,53.5501,-113.4687
Edmonton,CA,2025-03-31 15:00:00,-0.17,-4.77,-0.17,-0.17,clear sky,1010,84,4.42,130,53.5501,-113.4687
Edmonton,CA,2025-03-31 16:00:00,-0.72,-5.47,-0.72,-0.72,overcast clouds,1009,87,4.44,133,53.5501,-113.4687
Edmonton,CA,2025-03-31 17:00:00,-0.46,-5.09,-0.46,-0.46,overcast clouds,1009,89,4.35,135,53.5501,-113.4687
Edmonton,CA,2025-03-31 18:00:00,-0.23,-4.78,-0.23,-0.23,overcast clouds,1008,90,4.31,133,53.5501,-113.4687
Edmonton,CA,2025-03-31 19:00:00,-0.05,-4.49,-0.05,-0.05,overcast clouds,1007,89,4.21,132,53.5501,-113.4687
Edmonton,CA,2025-03-31 20:00:00,0.01,-4.38,0.01,0.01,overcast clouds,1007,89,4.16,124,53.5501,-113.4687
Edmonton,CA,2025-03-31 21:00:00,-0.08,-4.47,-0.08,-0.08,overcast clouds,1007,89,4.13,115,53.5501,-113.4687
Edmonton,CA,2025-03-31 22:00:00,-0.86,-5.41,-0.86,-0.86,broken clouds,1006,91,4.1,113,53.5501,-113.4687
Edmonton,CA,2025-03-31 23:00:00,-2.52,-6.95,-2.52,-2.52,broken clouds,1007,94,3.47,108,53.5501,-113.4687
Regina,CA,2025-03-31 00:00:00,-7.73,-10.49,-10.61,-7.73,scattered clouds,1027,83,1.46,50,50.4501,-104.6178
Regina,CA,2025-03-31 01:00:00,-8.81,-12.16,-11.52,-8.81,scattered clouds,1027,87,1.68,81,50.4501,-104.6178
Regina,CA,2025-03-31 02:00:00,-10.25,-13.87,-12.41,-10.25,broken clouds,1028,91,1.71,105,50.4501,-104.6178
Regina,CA,2025-03-31 03:00:00,-10.79,-15.02,-11.74,-10.79,broken clouds,1028,95,2,121,50.4501,-104.6178
Regina,CA,2025-03-31 04:00:00,-12.17,-17.2,-12.17,-12.17,broken clouds,1028,98,2.34,119,50.4501,-104.6178
Regina,CA,2025-03-31 05:00:00,-11.03,-16.19,-11.03,-11.03,broken clouds,1027,99,2.57,117,50.4501,-104.6178
Regina,CA,2025-03-31 06:00:00,-11.17,-16.65,-11.17,-11.17,broken clouds,1027,98,2.79,127,50.4501,-104.6178
Regina,CA,2025-03-31 07:00:00,-11.78,-17.56,-11.78,-11.78,broken clouds,1026,98,2.93,128,50.4501,-104.6178
Regina,CA,2025-03-31 08:00:00,-11.84,-17.93,-11.84,-11.84,broken clouds,1026,98,3.17,129,50.4501,-104.6178
Regina,CA,2025-03-31 09:00:00,-12,-18.46,-12,-12,broken clouds,1025,98,3.46,134,50.4501,-104.6178
Regina,CA,2025-03-31 10:00:00,-10.79,-17.21,-10.79,-10.79,broken clouds,1025,98,3.67,126,50.4501,-104.6178
Regina,CA,2025-03-31 11:00:00,-8.9,-15.19,-8.9,-8.9,broken clouds,1024,97,3.97,125,50.4501,-104.6178
Regina,CA,2025-03-31 12:00:00,-8.26,-14.73,-8.26,-8.26,broken clouds,1023,95,4.35,127,50.4501,-104.6178
Regina,CA,2025-03-31 13:00:00,-7.53,-14.29,-7.53,-7.53,broken clouds,1022,92,4.94,128,50.4501,-104.6178
Regina,CA,2025-03-31 14:00:00,-5.81,-12.43,-5.81,-5.81,scattered clouds,1021,90,5.37,130,50.4501,-104.6178
Regina,CA,2025-03-31 15:00:00,-5.26,-11.87,-5.26,-5.26,broken clouds,1020,89,5.57,130,50.4501,-104.6178
Regina,CA,2025-03-31 16:00:00,-5.51,-12.48,-5.51,-5.51,few clouds,1019,89,6.07,121,50.4501,-104.6178
Regina,CA,2025-03-31 17:00:00,-4.6,-11.34,-4.6,-4.6,few clouds,1018,90,6.09,118,50.4501,-104.6178
Regina,CA,2025-03-31 18:00:00,-3.99,-10.64,-3.99,-3.99,few clouds,1017,89,6.23,109,50.4501,-104.6178
Regina,CA,2025-03-31 19:00:00,-3.7,-10.41,-3.7,-3.7,few clouds,1015,86,6.49,106,50.4501,-104.6178
Regina,CA,2025-03-31 20:00:00,-3.53,-10.25,-3.53,-3.53,few clouds,1014,82,6.59,105,50.4501,-104.6178
Regina,CA,2025-03-31 21:00:00,-3.53,-10.22,-3.53,-3.53,scattered clouds,1014,80,6.53,101,50.4501,-104.6178
Regina,CA,2025-03-31 22:00:00,-4.19,-11.19,-4.19,-4.19,overcast clouds,1014,83,6.85,97,50.4501,-104.6178
Regina,CA,2025-03-31 23:00:00,-4.87,-11.87,-4.87,-4.87,overcast clouds,1014,83,7.32,100,50.4501,-104.6178
Saskatoon,CA,2025-03-31 00:00:00,-9.19,-9.19,-13.92,-9.19,scattered clouds,1026,70,1.1,144,52.1168,-106.6345
Saskatoon,CA,2025-03-31 01:00:00,-10.82,-14.76,-15.04,-10.82,scattered clouds,1026,75,1.83,148,52.1168,-106.6345
Saskatoon,CA,2025-03-31 02:00:00,-12.7,-17.46,-15.83,-12.7,broken clouds,1027,82,2.12,163,52.1168,-106.6345
Saskatoon,CA,2025-03-31 03:00:00,-14.67,-19.99,-16.33,-14.67,broken clouds,1027,88,2.25,174,52.1168,-106.6345
Saskatoon,CA,2025-03-31 04:00:00,-16.8,-22.06,-16.8,-16.8,overcast clouds,1027,94,2.02,172,52.1168,-106.6345
Saskatoon,CA,2025-03-31 05:00:00,-16.96,-21.77,-16.96,-16.96,overcast clouds,1027,100,1.79,160,52.1168,-106.6345
Saskatoon,CA,2025-03-31 06:00:00,-17,-22.01,-17,-17,overcast clouds,1027,100,1.88,142,52.1168,-106.6345
Saskatoon,CA,2025-03-31 07:00:00,-17.97,-23.29,-17.97,-17.97,overcast clouds,1026,100,1.95,120,52.1168,-106.6345
Saskatoon,CA,2025-03-31 08:00:00,-18.29,-24.3,-18.29,-18.29,overcast clouds,1026,100,2.28,107,52.1168,-106.6345
Saskatoon,CA,2025-03-31 09:00:00,-18.54,-24.7,-18.54,-18.54,broken clouds,1025,99,2.34,103,52.1168,-106.6345
Saskatoon,CA,2025-03-31 10:00:00,-17.9,-24.58,-17.9,-17.9,broken clouds,1025,99,2.72,106,52.1168,-106.6345
Saskatoon,CA,2025-03-31 11:00:00,-14.25,-21,-14.25,-14.25,broken clouds,1023,96,3.3,112,52.1168,-106.6345
Saskatoon,CA,2025-03-31 12:00:00,-11.23,-18.11,-11.23,-11.23,broken clouds,1022,93,4.03,120,52.1168,-106.6345
Saskatoon,CA,2025-03-31 13:00:00,-9.24,-16.22,-9.24,-9.24,broken clouds,1021,89,4.68,123,52.1168,-106.6345
Saskatoon,CA,2025-03-31 14:00:00,-7.67,-14.45,-7.67,-7.67,broken clouds,1020,87,4.92,122,52.1168,-106.6345
Saskatoon,CA,2025-03-31 15:00:00,-6.85,-13.7,-6.85,-6.85,broken clouds,1019,86,5.31,119,52.1168,-106.6345
Saskatoon,CA,2025-03-31 16:00:00,-5.86,-12.73,-5.86,-5.86,scattered clouds,1018,86,5.74,118,52.1168,-106.6345
Saskatoon,CA,2025-03-31 17:00:00,-5.17,-12.09,-5.17,-5.17,scattered clouds,1017,86,6.14,118,52.1168,-106.6345
Saskatoon,CA,2025-03-31 18:00:00,-4.67,-11.58,-4.67,-4.67,scattered clouds,1016,85,6.36,119,52.1168,-106.6345
Saskatoon,CA,2025-03-31 19:00:00,-4.55,-11.42,-4.55,-4.55,broken clouds,1016,86,6.34,117,52.1168,-106.6345
Saskatoon,CA,2025-03-31 20:00:00,-4.66,-11.3,-4.66,-4.66,broken clouds,1015,90,5.88,111,52.1168,-106.6345
Saskatoon,CA,2025-03-31 21:00:00,-5.41,-12.36,-5.41,-5.41,scattered clouds,1014,90,6.07,107,52.1168,-106.6345
Saskatoon,CA,2025-03-31 22:00:00,-6.34,-13.34,-6.34,-6.34,few clouds,1014,89,6.11,106,52.1168,-106.6345
Saskatoon,CA,2025-03-31 23:00:00,-7.11,-14.11,-7.11,-7.11,few clouds,1014,90,5.99,107,52.1168,-106.6345
Winnipeg,CA,2025-03-31 00:00:00,-4.04,-9.39,-4.04,-2.34,overcast clouds,1022,73,4.18,350,49.8844,-97.147
Winnipeg,CA,2025-03-31 01:00:00,-3.89,-8.97,-3.89,-3.03,overcast clouds,1022,74,3.88,343,49.8844,-97.147
Winnipeg,CA,2025-03-31 02:00:00,-3.91,-8.85,-3.91,-3.54,overcast clouds,1022,75,3.71,335,49.8844,-97.147
Winnipeg,CA,2025-03-31 03:00:00,-4.04,-8.97,-4.04,-3.93,broken clouds,1022,72,3.66,337,49.8844,-97.147
Winnipeg,CA,2025-03-31 04:00:00,-4.23,-9.28,-4.23,-4.23,clear sky,1022,64,3.76,337,49.8844,-97.147
Winnipeg,CA,2025-03-31 05:00:00,-4.43,-9.6,-4.43,-4.43,clear sky,1022,61,3.85,335,49.8844,-97.147
Winnipeg,CA,2025-03-31 06:00:00,-4.67,-9.99,-4.67,-4.67,clear sky,1022,61,3.96,333,49.8844,-97.147
Winnipeg,CA,2025-03-31 07:00:00,-4.87,-10.11,-4.87,-4.87,clear sky,1022,64,3.81,334,49.8844,-97.147
Winnipeg,CA,2025-03-31 08:00:00,-5.04,-9.96,-5.04,-5.04,clear sky,1023,69,3.41,334,49.8844,-97.147
Winnipeg,CA,2025-03-31 09:00:00,-5.34,-10.19,-5.34,-5.34,clear sky,1023,74,3.27,332,49.8844,-97.147
Winnipeg,CA,2025-03-31 10:00:00,-5.27,-10.59,-5.27,-5.27,few clouds,1023,72,3.8,335,49.8844,-97.147
Winnipeg,CA,2025-03-31 11:00:00,-4.42,-9.99,-4.42,-4.42,few clouds,1023,66,4.36,343,49.8844,-97.147
Winnipeg,CA,2025-03-31 12:00:00,-3.19,-8.57,-3.19,-3.19,few clouds,1023,57,4.5,349,49.8844,-97.147
Winnipeg,CA,2025-03-31 13:00:00,-2.47,-7.7,-2.47,-2.47,few clouds,1023,46,4.53,355,49.8844,-97.147
Winnipeg,CA,2025-03-31 14:00:00,-1.83,-6.79,-1.83,-1.83,clear sky,1023,41,4.36,356,49.8844,-97.147
Winnipeg,CA,2025-03-31 15:00:00,-1.24,-5.85,-1.24,-1.24,clear sky,1023,39,4.06,358,49.8844,-97.147
Winnipeg,CA,2025-03-31 16:00:00,-0.78,-5.06,-0.78,-0.78,few clouds,1023,38,3.75,357,49.8844,-97.147
Winnipeg,CA,2025-03-31 17:00:00,-0.4,-4.5,-0.4,-0.4,few clouds,1022,37,3.62,353,49.8844,-97.147
Winnipeg,CA,2025-03-31 18:00:00,-0.24,-4.48,-0.24,-0.24,scattered clouds,1022,37,3.86,354,49.8844,-97.147
Winnipeg,CA,2025-03-31 19:00:00,-0.36,-4.75,-0.36,-0.36,scattered clouds,1021,39,4.03,4,49.8844,-97.147
Winnipeg,CA,2025-03-31 20:00:00,-0.89,-5.55,-0.89,-0.89,scattered clouds,1021,42,4.25,21,49.8844,-97.147
Winnipeg,CA,2025-03-31 21:00:00,-2.05,-7.2,-2.05,-2.05,scattered clouds,1021,48,4.56,41,49.8844,-97.147
Winnipeg,CA,2025-03-31 22:00:00,-3.66,-8.89,-3.66,-3.66,few clouds,1021,58,4.14,55,49.8844,-97.147
Winnipeg,CA,2025-03-31 23:00:00,-4.11,-8.78,-4.11,-4.11,few clouds,1022,60,3.35,57,49.8844,-97.147
Toronto,CA,2025-03-31 00:00:00,5.03,5.03,5.03,11.65,light rain,1004,95,1.16,120,43.7001,-79.4163
Toronto,CA,2025-03-31 01:00:00,6.02,4.93,6.02,10,light rain,1003,96,1.65,153,43.7001,-79.4163
Toronto,CA,2025-03-31 02:00:00,6.87,5.41,6.87,9.2,light rain,1002,97,2.15,169,43.7001,-79.4163
Toronto,CA,2025-03-31 03:00:00,8.79,6.8,8.79,10.15,light rain,1001,98,3.45,209,43.7001,-79.4163
Toronto,CA,2025-03-31 04:00:00,11.69,11.45,11.69,11.69,overcast clouds,999,97,4.1,215,43.7001,-79.4163
Toronto,CA,2025-03-31 05:00:00,10.88,10.58,10.88,10.88,overcast clouds,999,98,3.72,221,43.7001,-79.4163
Toronto,CA,2025-03-31 06:00:00,9.88,8.55,9.88,9.88,light rain,998,100,2.7,223,43.7001,-79.4163
Toronto,CA,2025-03-31 07:00:00,10.06,9.73,10.06,10.06,moderate rain,998,100,2.78,228,43.7001,-79.4163
Toronto,CA,2025-03-31 08:00:00,10.2,9.89,10.2,10.2,moderate rain,997,100,3.04,202,43.7001,-79.4163
Toronto,CA,2025-03-31 09:00:00,11.15,10.75,11.15,11.15,moderate rain,998,93,5.33,276,43.7001,-79.4163
Toronto,CA,2025-03-31 10:00:00,10.48,9.72,10.48,10.48,overcast clouds,999,82,5.26,274,43.7001,-79.4163
Toronto,CA,2025-03-31 11:00:00,10.76,9.77,10.76,10.76,overcast clouds,1000,72,6.09,254,43.7001,-79.4163
Toronto,CA,2025-03-31 12:00:00,9.48,6.56,9.48,9.48,overcast clouds,1001,74,6.06,262,43.7001,-79.4163
Toronto,CA,2025-03-31 13:00:00,8.72,5.63,8.72,8.72,overcast clouds,1002,75,5.96,274,43.7001,-79.4163
Toronto,CA,2025-03-31 14:00:00,9.24,5.98,9.24,9.24,overcast clouds,1003,68,6.93,280,43.7001,-79.4163
Toronto,CA,2025-03-31 15:00:00,5.64,1.45,5.64,5.64,overcast clouds,1004,61,6.67,278,43.7001,-79.4163
Toronto,CA,2025-03-31 16:00:00,6.71,2.81,6.71,6.71,overcast clouds,1004,57,6.72,287,43.7001,-79.4163
Toronto,CA,2025-03-31 17:00:00,5.61,1.65,5.61,5.61,overcast clouds,1005,58,6.06,301,43.7001,-79.4163
Toronto,CA,2025-03-31 18:00:00,4.69,0.62,4.69,4.69,overcast clouds,1007,60,5.71,313,43.7001,-79.4163
Toronto,CA,2025-03-31 19:00:00,3.51,-0.64,3.51,3.51,overcast clouds,1008,64,5.22,327,43.7001,-79.4163
Toronto,CA,2025-03-31 20:00:00,2.7,-1.72,2.7,2.7,overcast clouds,1009,65,5.35,334,43.7001,-79.4163
Toronto,CA,2025-03-31 21:00:00,1.92,-2.47,1.92,1.92,overcast clouds,1010,66,4.91,333,43.7001,-79.4163
Toronto,CA,2025-03-31 22:00:00,1.52,-2.9,1.52,1.52,overcast clouds,1011,67,4.8,330,43.7001,-79.4163
Toronto,CA,2025-03-31 23:00:00,1.1,-3.14,1.1,1.1,overcast clouds,1012,67,4.32,325,43.7001,-79.4163
Ottawa,CA,2025-03-31 00:00:00,0.67,-2.81,0.67,1.65,light rain,1009,95,3.13,72,45.4112,-75.6981
Ottawa,CA,2025-03-31 01:00:00,0.76,-3.4,0.76,1.26,light rain,1008,96,4.08,77,45.4112,-75.6981
Ottawa,CA,2025-03-31 02:00:00,0.8,-3.05,0.8,1.04,overcast clouds,1007,97,3.64,79,45.4112,-75.6981
Ottawa,CA,2025-03-31 03:00:00,0.77,-3.05,0.77,0.85,overcast clouds,1005,99,3.59,86,45.4112,-75.6981
Ottawa,CA,2025-03-31 04:00:00,0.99,-2.16,0.99,0.99,light rain,1002,100,2.83,79,45.4112,-75.6981
Ottawa,CA,2025-03-31 05:00:00,0.75,-2.77,0.75,0.75,light rain,1001,100,3.2,78,45.4112,-75.6981
Ottawa,CA,2025-03-31 06:00:00,0.9,-2.44,0.9,0.9,overcast clouds,1000,100,3.03,72,45.4112,-75.6981
Ottawa,CA,2025-03-31 07:00:00,1.94,-0.09,1.94,1.94,moderate rain,999,100,1.91,99,45.4112,-75.6981
Ottawa,CA,2025-03-31 08:00:00,2.16,2.16,2.16,2.16,moderate rain,998,100,1.15,34,45.4112,-75.6981
Ottawa,CA,2025-03-31 09:00:00,2.73,1.57,2.73,2.73,heavy intensity rain,997,100,1.36,25,45.4112,-75.6981
Ottawa,CA,2025-03-31 10:00:00,2.17,2.17,2.17,2.17,heavy intensity rain,997,100,0.97,114,45.4112,-75.6981
Ottawa,CA,2025-03-31 11:00:00,2.61,2.61,2.61,2.61,moderate rain,997,100,0.57,211,45.4112,-75.6981
Ottawa,CA,2025-03-31 12:00:00,3.31,1.01,3.31,3.31,moderate rain,998,100,2.38,211,45.4112,-75.6981
Ottawa,CA,2025-03-31 13:00:00,5.78,3.69,5.78,5.78,overcast clouds,997,100,2.67,222,45.4112,-75.6981
Ottawa,CA,2025-03-31 14:00:00,5.77,2.98,5.77,5.77,light rain,997,100,3.69,222,45.4112,-75.6981
Ottawa,CA,2025-03-31 15:00:00,6.59,3.51,6.59,6.59,overcast clouds,998,101,4.6,236,45.4112,-75.6981
Ottawa,CA,2025-03-31 16:00:00,6.77,3.3,6.77,6.77,light rain,998,101,5.59,257,45.4112,-75.6981
Ottawa,CA,2025-03-31 17:00:00,5.31,1.05,5.31,5.31,overcast clouds,999,95,6.61,257,45.4112,-75.6981
Ottawa,CA,2025-03-31 18:00:00,2.58,-2.61,2.58,2.58,overcast clouds,1001,94,7.02,297,45.4112,-75.6981
Ottawa,CA,2025-03-31 19:00:00,1.76,-3.31,1.76,1.76,overcast clouds,1002,87,6.21,289,45.4112,-75.6981
Ottawa,CA,2025-03-31 20:00:00,1.83,-3.16,1.83,1.83,overcast clouds,1003,84,6.07,291,45.4112,-75.6981
Ottawa,CA,2025-03-31 21:00:00,1,-3.84,1,1,overcast clouds,1004,85,5.33,291,45.4112,-75.6981
Ottawa,CA,2025-03-31 22:00:00,0.22,-4.28,0.22,0.22,overcast clouds,1006,87,4.4,283,45.4112,-75.6981
Ottawa,CA,2025-03-31 23:00:00,-0.13,-4.72,-0.13,-0.13,overcast clouds,1006,89,4.42,291,45.4112,-75.6981
Montreal,CA,2025-03-31 00:00:00,1.44,-2.05,1.44,1.98,light rain,1010,99,3.35,119,45.5088,-73.5878
Montreal,CA,2025-03-31 01:00:00,1.69,-1.04,1.69,2.27,light rain,1009,99,2.52,140,45.5088,-73.5878
Montreal,CA,2025-03-31 02:00:00,1.82,-0.97,1.82,2.16,overcast clouds,1008,100,2.61,138,45.5088,-73.5878
Montreal,CA,2025-03-31 03:00:00,1.95,-0.18,1.95,2.11,overcast clouds,1007,100,2,144,45.5088,-73.5878
Montreal,CA,2025-03-31 04:00:00,2.29,-0.54,2.29,2.29,overcast clouds,1005,100,2.75,144,45.5088,-73.5878
Montreal,CA,2025-03-31 05:00:00,2.61,-0.81,2.61,2.61,overcast clouds,1004,100,3.59,154,45.5088,-73.5878
Montreal,CA,2025-03-31 06:00:00,3.3,-0.52,3.3,3.3,light rain,1002,100,4.49,159,45.5088,-73.5878
Montreal,CA,2025-03-31 07:00:00,3.94,0.11,3.94,3.94,overcast clouds,1001,100,4.8,161,45.5088,-73.5878
Montreal,CA,2025-03-31 08:00:00,4.39,0.39,4.39,4.39,overcast clouds,1000,99,5.38,161,45.5088,-73.5878
Montreal,CA,2025-03-31 09:00:00,5.03,0.96,5.03,5.03,overcast clouds,999,99,5.93,163,45.5088,-73.5878
Montreal,CA,2025-03-31 10:00:00,6.09,2.09,6.09,6.09,overcast clouds,998,98,6.49,165,45.5088,-73.5878
Montreal,CA,2025-03-31 11:00:00,5.93,2.45,5.93,5.93,light rain,997,98,5.12,165,45.5088,-73.5878
Montreal,CA,2025-03-31 12:00:00,5.33,3.6,5.33,5.33,moderate rain,997,99,2.16,217,45.5088,-73.5878
Montreal,CA,2025-03-31 13:00:00,3.4,3.4,3.4,3.4,heavy intensity rain,998,100,0.03,72,45.5088,-73.5878
Montreal,CA,2025-03-31 14:00:00,4.74,3.46,4.74,4.74,light rain,998,100,1.65,166,45.5088,-73.5878
Montreal,CA,2025-03-31 15:00:00,9.62,7.81,9.62,9.62,overcast clouds,997,97,3.44,202,45.5088,-73.5878
Montreal,CA,2025-03-31 16:00:00,10.19,9.72,10.19,10.19,overcast clouds,997,94,5.09,227,45.5088,-73.5878
Montreal,CA,2025-03-31 17:00:00,10.07,9.48,10.07,10.07,overcast clouds,998,90,6.44,244,45.5088,-73.5878
Montreal,CA,2025-03-31 18:00:00,8.99,6.44,8.99,8.99,overcast clouds,998,93,4.71,233,45.5088,-73.5878
Montreal,CA,2025-03-31 19:00:00,7.39,4.4,7.39,7.39,light rain,999,95,4.83,268,45.5088,-73.5878
Montreal,CA,2025-03-31 20:00:00,5.77,1.96,5.77,5.77,light rain,1000,90,5.78,249,45.5088,-73.5878
Montreal,CA,2025-03-31 21:00:00,4.7,1.05,4.7,4.7,overcast clouds,1002,93,4.81,278,45.5088,-73.5878
Montreal,CA,2025-03-31 22:00:00,3.33,-0.29,3.33,3.33,overcast clouds,1004,86,4.16,266,45.5088,-73.5878
Montreal,CA,2025-03-31 23:00:00,2.66,-0.96,2.66,2.66,overcast clouds,1004,80,3.91,275,45.5088,-73.5878
Québec,CA,2025-03-31 00:00:00,-0.94,-6.9,-1.17,-0.94,snow,1016,95,6.52,70,46.8123,-71.2145
Québec,CA,2025-03-31 01:00:00,-0.93,-6.8,-1,-0.93,light snow,1015,94,6.34,64,46.8123,-71.2145
Québec,CA,2025-03-31 02:00:00,-0.96,-6.75,-1.02,-0.96,snow,1014,96,6.17,60,46.8123,-71.2145
Québec,CA,2025-03-31 03:00:00,-0.98,-6.65,-1,-0.98,snow,1012,96,5.91,60,46.8123,-71.2145
Québec,CA,2025-03-31 04:00:00,-0.93,-6.65,-0.93,-0.93,snow,1010,96,6.03,60,46.8123,-71.2145
Québec,CA,2025-03-31 05:00:00,-0.88,-6.36,-0.88,-0.88,snow,1009,96,5.6,58,46.8123,-71.2145
Québec,CA,2025-03-31 06:00:00,-0.71,-6.08,-0.71,-0.71,light snow,1007,96,5.49,57,46.8123,-71.2145
Québec,CA,2025-03-31 07:00:00,-0.56,-6.02,-0.56,-0.56,light snow,1006,96,5.72,60,46.8123,-71.2145
Québec,CA,2025-03-31 08:00:00,-0.26,-5.42,-0.26,-0.26,light snow,1005,96,5.31,60,46.8123,-71.2145
Québec,CA,2025-03-31 09:00:00,0.06,-4.79,0.06,0.06,light snow,1004,96,4.91,55,46.8123,-71.2145
Québec,CA,2025-03-31 10:00:00,0.6,-4,0.6,0.6,light rain,1002,96,4.71,54,46.8123,-71.2145
Québec,CA,2025-03-31 11:00:00,0.93,-3.44,0.93,0.93,light rain,1001,97,4.47,56,46.8123,-71.2145
Québec,CA,2025-03-31 12:00:00,1.06,-3.38,1.06,1.06,light rain,999,98,4.63,52,46.8123,-71.2145
Québec,CA,2025-03-31 13:00:00,1.21,-2.81,1.21,1.21,moderate rain,998,100,4.02,25,46.8123,-71.2145
Québec,CA,2025-03-31 14:00:00,1.94,-0.77,1.94,1.94,heavy intensity rain,998,100,2.55,91,46.8123,-71.2145
Québec,CA,2025-03-31 15:00:00,2.12,0.37,2.12,2.12,moderate rain,998,100,1.71,76,46.8123,-71.2145
Québec,CA,2025-03-31 16:00:00,2.09,2.09,2.09,2.09,light rain,997,100,1.05,65,46.8123,-71.2145
Québec,CA,2025-03-31 17:00:00,1.72,0.1,1.72,1.72,overcast clouds,997,100,1.57,356,46.8123,-71.2145
Québec,CA,2025-03-31 18:00:00,1.04,-0.46,1.04,1.04,light rain,997,100,1.43,17,46.8123,-71.2145
Québec,CA,2025-03-31 19:00:00,1.62,1.62,1.62,1.62,overcast clouds,997,100,0.57,171,46.8123,-71.2145
Québec,CA,2025-03-31 20:00:00,2.97,0.19,2.97,2.97,light rain,997,100,2.85,258,46.8123,-71.2145
Québec,CA,2025-03-31 21:00:00,3.19,0.29,3.19,3.19,light rain,998,100,3.05,243,46.8123,-71.2145
Québec,CA,2025-03-31 22:00:00,3.57,0.31,3.57,3.57,light rain,998,100,3.67,252,46.8123,-71.2145
Québec,CA,2025-03-31 23:00:00,3,-0.84,3,3,light rain,1000,100,4.4,246,46.8123,-71.2145
Fredericton,CA,2025-03-31 00:00:00,-1.49,-4.78,-1.49,-1.31,snow,1023,94,2.49,116,45.9454,-66.6656
Fredericton,CA,2025-03-31 01:00:00,-1.43,-4.59,-1.43,-1.29,snow,1022,95,2.39,108,45.9454,-66.6656
Fredericton,CA,2025-03-31 02:00:00,-1.34,-4.52,-1.34,-1.22,snow,1021,96,2.42,101,45.9454,-66.6656
Fredericton,CA,2025-03-31 03:00:00,-1.23,-4.75,-1.23,-1.15,snow,1019,97,2.76,101,45.9454,-66.6656
Fredericton,CA,2025-03-31 04:00:00,-0.76,-4.32,-0.76,-0.76,snow,1017,97,2.9,109,45.9454,-66.6656
Fredericton,CA,2025-03-31 05:00:00,-0.57,-4.1,-0.57,-0.57,light snow,1016,97,2.91,115,45.9454,-66.6656
Fredericton,CA,2025-03-31 06:00:00,-0.46,-3.87,-0.46,-0.46,light snow,1015,97,2.8,112,45.9454,-66.6656
Fredericton,CA,2025-03-31 07:00:00,-0.38,-3.7,-0.38,-0.38,light snow,1014,98,2.73,106,45.9454,-66.6656
Fredericton,CA,2025-03-31 08:00:00,-0.03,-3.63,-0.03,-0.03,snow,1013,98,3.11,100,45.9454,-66.6656
Fredericton,CA,2025-03-31 09:00:00,0.25,-2.71,0.25,0.25,snow,1012,99,2.48,103,45.9454,-66.6656
Fredericton,CA,2025-03-31 10:00:00,0.69,-1.75,0.69,0.69,overcast clouds,1011,99,2.08,110,45.9454,-66.6656
Fredericton,CA,2025-03-31 11:00:00,1.02,-0.99,1.02,1.02,light rain,1010,99,1.78,118,45.9454,-66.6656
Fredericton,CA,2025-03-31 12:00:00,1.72,-0.61,1.72,1.72,overcast clouds,1008,100,2.14,121,45.9454,-66.6656
Fredericton,CA,2025-03-31 13:00:00,2.47,0.05,2.47,2.47,light rain,1006,100,2.35,136,45.9454,-66.6656
Fredericton,CA,2025-03-31 14:00:00,3.93,1.73,3.93,3.93,light rain,1005,100,2.39,148,45.9454,-66.6656
Fredericton,CA,2025-03-31 15:00:00,4.95,2.27,4.95,4.95,light rain,1003,100,3.25,172,45.9454,-66.6656
Fredericton,CA,2025-03-31 16:00:00,7.56,4.57,7.56,7.56,overcast clouds,1002,100,4.92,205,45.9454,-66.6656
Fredericton,CA,2025-03-31 17:00:00,8.84,5.88,8.84,8.84,overcast clouds,1001,100,5.68,212,45.9454,-66.6656
Fredericton,CA,2025-03-31 18:00:00,9.07,6.32,9.07,9.07,moderate rain,1001,99,5.27,215,45.9454,-66.6656
Fredericton,CA,2025-03-31 19:00:00,9.35,6.82,9.35,9.35,overcast clouds,1001,99,4.89,213,45.9454,-66.6656
Fredericton,CA,2025-03-31 20:00:00,9.37,6.95,9.37,9.37,overcast clouds,1001,99,4.62,216,45.9454,-66.6656
Fredericton,CA,2025-03-31 21:00:00,8.98,6.7,8.98,8.98,overcast clouds,1001,99,4.1,206,45.9454,-66.6656
Fredericton,CA,2025-03-31 22:00:00,8.6,6.41,8.6,8.6,overcast clouds,1001,99,3.75,202,45.9454,-66.6656
Fredericton,CA,2025-03-31 23:00:00,8.27,6.14,8.27,8.27,overcast clouds,1001,99,3.5,201,45.9454,-66.6656
Saint John,CA,2025-03-31 00:00:00,-0.35,-4.52,-0.35,-0.02,snow,1024,94,3.73,129,45.2727,-66.0677
Saint John,CA,2025-03-31 01:00:00,-0.32,-4.83,-0.32,-0.15,snow,1023,94,4.22,130,45.2727,-66.0677
Saint John,CA,2025-03-31 02:00:00,-0.31,-4.65,-0.31,-0.23,light snow,1022,95,3.98,119,45.2727,-66.0677
Saint John,CA,2025-03-31 03:00:00,-0.1,-4.39,-0.1,-0.02,snow,1020,97,3.98,112,45.2727,-66.0677
Saint John,CA,2025-03-31 04:00:00,0.26,-4.1,0.26,0.26,light snow,1018,97,4.2,119,45.2727,-66.0677
Saint John,CA,2025-03-31 05:00:00,0.47,-3.87,0.47,0.47,light rain,1016,97,4.25,122,45.2727,-66.0677
Saint John,CA,2025-03-31 06:00:00,0.8,-3.2,0.8,0.8,light rain,1015,98,3.86,121,45.2727,-66.0677
Saint John,CA,2025-03-31 07:00:00,1.16,-2.47,1.16,1.16,light rain,1015,98,3.45,121,45.2727,-66.0677
Saint John,CA,2025-03-31 08:00:00,1.46,-2.29,1.46,1.46,light rain,1013,99,3.7,119,45.2727,-66.0677
Saint John,CA,2025-03-31 09:00:00,1.71,-1.96,1.71,1.71,light rain,1012,99,3.67,120,45.2727,-66.0677
Saint John,CA,2025-03-31 10:00:00,1.98,-1.29,1.98,1.98,moderate rain,1011,99,3.21,123,45.2727,-66.0677
Saint John,CA,2025-03-31 11:00:00,2.31,-0.91,2.31,2.31,moderate rain,1010,100,3.24,127,45.2727,-66.0677
Saint John,CA,2025-03-31 12:00:00,3.69,0.73,3.69,3.69,moderate rain,1009,100,3.27,158,45.2727,-66.0677
Saint John,CA,2025-03-31 13:00:00,4.79,2.01,4.79,4.79,light rain,1008,100,3.34,179,45.2727,-66.0677
Saint John,CA,2025-03-31 14:00:00,5.75,2.56,5.75,5.75,light rain,1007,100,4.41,191,45.2727,-66.0677
Saint John,CA,2025-03-31 15:00:00,5.86,2.17,5.86,5.86,light rain,1006,100,5.54,197,45.2727,-66.0677
Saint John,CA,2025-03-31 16:00:00,6.74,2.78,6.74,6.74,overcast clouds,1005,100,6.9,201,45.2727,-66.0677
Saint John,CA,2025-03-31 17:00:00,6.92,2.86,6.92,6.92,overcast clouds,1004,99,7.36,207,45.2727,-66.0677
Saint John,CA,2025-03-31 18:00:00,7.03,2.98,7.03,7.03,light rain,1004,98,7.44,214,45.2727,-66.0677
Saint John,CA,2025-03-31 19:00:00,7.05,3.17,7.05,7.05,moderate rain,1004,98,6.93,220,45.2727,-66.0677
Saint John,CA,2025-03-31 20:00:00,7.06,3.3,7.06,7.06,light rain,1004,98,6.58,220,45.2727,-66.0677
Saint John,CA,2025-03-31 21:00:00,6.71,3.04,6.71,6.71,light rain,1004,98,6.06,218,45.2727,-66.0677
Saint John,CA,2025-03-31 22:00:00,6.34,2.8,6.34,6.34,overcast clouds,1004,99,5.48,214,45.2727,-66.0677
Saint John,CA,2025-03-31 23:00:00,6.24,2.62,6.24,6.24,overcast clouds,1003,99,5.61,210,45.2727,-66.0677
Halifax,CA,2025-03-31 00:00:00,0.16,-3.88,-0.53,0.16,light snow,1026,85,3.71,140,44.6453,-63.5724
Halifax,CA,2025-03-31 01:00:00,0.05,-4.49,-0.38,0.05,light snow,1025,88,4.4,139,44.6453,-63.5724
Halifax,CA,2025-03-31 02:00:00,-0.05,-4.84,-0.3,-0.05,light snow,1024,91,4.76,130,44.6453,-63.5724
Halifax,CA,2025-03-31 03:00:00,-0.01,-5.03,-0.09,-0.01,light snow,1023,94,5.17,126,44.6453,-63.5724
Halifax,CA,2025-03-31 04:00:00,0.06,-5.27,0.06,0.06,light snow,1021,95,5.79,122,44.6453,-63.5724
Halifax,CA,2025-03-31 05:00:00,0.14,-5.47,0.14,0.14,light snow,1020,94,6.42,117,44.6453,-63.5724
Halifax,CA,2025-03-31 06:00:00,0.27,-5.2,0.27,0.27,light snow,1019,95,6.19,116,44.6453,-63.5724
Halifax,CA,2025-03-31 07:00:00,0.5,-4.86,0.5,0.5,light snow,1018,97,6.1,114,44.6453,-63.5724
Halifax,CA,2025-03-31 08:00:00,1.12,-4.07,1.12,1.12,light rain,1017,97,6.08,116,44.6453,-63.5724
Halifax,CA,2025-03-31 09:00:00,1.72,-3.01,1.72,1.72,overcast clouds,1016,98,5.46,114,44.6453,-63.5724
Halifax,CA,2025-03-31 10:00:00,2.27,-1.38,2.27,2.27,overcast clouds,1015,98,3.83,121,44.6453,-63.5724
Halifax,CA,2025-03-31 11:00:00,3.18,0.8,3.18,3.18,light rain,1014,99,2.44,162,44.6453,-63.5724
Halifax,CA,2025-03-31 12:00:00,4.26,1.28,4.26,4.26,light rain,1013,99,3.47,196,44.6453,-63.5724
Halifax,CA,2025-03-31 13:00:00,5.63,1.78,5.63,5.63,light rain,1012,99,5.8,206,44.6453,-63.5724
Halifax,CA,2025-03-31 14:00:00,6.45,2.37,6.45,6.45,overcast clouds,1011,99,7.01,214,44.6453,-63.5724
Halifax,CA,2025-03-31 15:00:00,7.13,3.3,7.13,7.13,overcast clouds,1010,98,6.86,213,44.6453,-63.5724
Halifax,CA,2025-03-31 16:00:00,7.46,3.6,7.46,7.46,overcast clouds,1010,98,7.23,217,44.6453,-63.5724
Halifax,CA,2025-03-31 17:00:00,7.33,3.28,7.33,7.33,overcast clouds,1009,98,7.74,215,44.6453,-63.5724
Halifax,CA,2025-03-31 18:00:00,7.18,2.94,7.18,7.18,overcast clouds,1009,98,8.24,218,44.6453,-63.5724
Halifax,CA,2025-03-31 19:00:00,6.95,2.73,6.95,6.95,overcast clouds,1009,99,7.91,216,44.6453,-63.5724
Halifax,CA,2025-03-31 20:00:00,6.62,2.34,6.62,6.62,overcast clouds,1008,98,7.81,214,44.6453,-63.5724
Halifax,CA,2025-03-31 21:00:00,6.73,2.52,6.73,6.73,overcast clouds,1008,98,7.66,214,44.6453,-63.5724
Halifax,CA,2025-03-31 22:00:00,7.22,3.04,7.22,7.22,overcast clouds,1008,95,8.05,217,44.6453,-63.5724
Halifax,CA,2025-03-31 23:00:00,7.06,2.89,7.06,7.06,light rain,1007,96,7.86,218,44.6453,-63.5724
Dartmouth,CA,2025-03-31 00:00:00,-0.2,-4.12,-0.96,-0.2,light snow,1026,85,3.45,141,44.6713,-63.5772
Dartmouth,CA,2025-03-31 01:00:00,-0.33,-4.76,-0.8,-0.33,light snow,1025,88,4.1,140,44.6713,-63.5772
Dartmouth,CA,2025-03-31 02:00:00,-0.45,-5.15,-0.74,-0.45,light snow,1024,91,4.47,131,44.6713,-63.5772
Dartmouth,CA,2025-03-31 03:00:00,-0.41,-5.34,-0.51,-0.41,light snow,1023,94,4.85,127,44.6713,-63.5772
Dartmouth,CA,2025-03-31 04:00:00,-0.36,-5.62,-0.36,-0.36,overcast clouds,1021,95,5.45,124,44.6713,-63.5772
Dartmouth,CA,2025-03-31 05:00:00,-0.27,-5.81,-0.27,-0.27,light snow,1020,95,6.03,119,44.6713,-63.5772
Dartmouth,CA,2025-03-31 06:00:00,-0.15,-5.58,-0.15,-0.15,light snow,1019,95,5.88,118,44.6713,-63.5772
Dartmouth,CA,2025-03-31 07:00:00,0.05,-5.32,0.05,0.05,light snow,1018,97,5.87,116,44.6713,-63.5772
Dartmouth,CA,2025-03-31 08:00:00,0.7,-4.5,0.7,0.7,overcast clouds,1017,97,5.87,118,44.6713,-63.5772
Dartmouth,CA,2025-03-31 09:00:00,1.32,-3.44,1.32,1.32,overcast clouds,1016,98,5.32,116,44.6713,-63.5772
Dartmouth,CA,2025-03-31 10:00:00,1.88,-1.9,1.88,1.88,overcast clouds,1015,98,3.89,122,44.6713,-63.5772
Dartmouth,CA,2025-03-31 11:00:00,2.81,0.31,2.81,2.81,light rain,1014,98,2.5,154,44.6713,-63.5772
Dartmouth,CA,2025-03-31 12:00:00,3.98,1.05,3.98,3.98,light rain,1013,99,3.31,193,44.6713,-63.5772
Dartmouth,CA,2025-03-31 13:00:00,5.46,1.65,5.46,5.46,light rain,1012,99,5.59,204,44.6713,-63.5772
Dartmouth,CA,2025-03-31 14:00:00,6.3,2.29,6.3,6.3,overcast clouds,1011,99,6.68,213,44.6713,-63.5772
Dartmouth,CA,2025-03-31 15:00:00,7.04,3.31,7.04,7.04,overcast clouds,1010,98,6.49,212,44.6713,-63.5772
Dartmouth,CA,2025-03-31 16:00:00,7.44,3.68,7.44,7.44,overcast clouds,1010,98,6.91,215,44.6713,-63.5772
Dartmouth,CA,2025-03-31 17:00:00,7.29,3.33,7.29,7.29,overcast clouds,1009,98,7.4,215,44.6713,-63.5772
Dartmouth,CA,2025-03-31 18:00:00,7.1,2.97,7.1,7.1,overcast clouds,1009,98,7.77,217,44.6713,-63.5772
Dartmouth,CA,2025-03-31 19:00:00,6.85,2.72,6.85,6.85,overcast clouds,1009,98,7.53,215,44.6713,-63.5772
Dartmouth,CA,2025-03-31 20:00:00,6.54,2.33,6.54,6.54,overcast clouds,1008,98,7.5,214,44.6713,-63.5772
Dartmouth,CA,2025-03-31 21:00:00,6.66,2.51,6.66,6.66,overcast clouds,1008,98,7.43,214,44.6713,-63.5772
Dartmouth,CA,2025-03-31 22:00:00,7.08,2.96,7.08,7.08,overcast clouds,1008,95,7.73,217,44.6713,-63.5772
Dartmouth,CA,2025-03-31 23:00:00,6.93,2.83,6.93,6.93,light rain,1007,96,7.52,217,44.6713,-63.5772
Charlottetown,CA,2025-03-31 00:00:00,-1.02,-5.98,-1.59,-1.02,overcast clouds,1026,84,4.66,117,46.2352,-63.1267
Charlottetown,CA,2025-03-31 01:00:00,-1.28,-6.41,-1.88,-1.28,light snow,1026,88,4.82,128,46.2352,-63.1267
Charlottetown,CA,2025-03-31 02:00:00,-1.31,-5.9,-1.6,-1.31,snow,1025,92,4.01,134,46.2352,-63.1267
Charlottetown,CA,2025-03-31 03:00:00,-1.16,-6.05,-1.23,-1.16,snow,1024,95,4.49,145,46.2352,-63.1267
Charlottetown,CA,2025-03-31 04:00:00,-1.3,-6.63,-1.3,-1.3,snow,1022,98,5.15,139,46.2352,-63.1267
Charlottetown,CA,2025-03-31 05:00:00,-1.3,-7.05,-1.3,-1.3,snow,1021,98,5.9,133,46.2352,-63.1267
Charlottetown,CA,2025-03-31 06:00:00,-1.25,-7.1,-1.25,-1.25,snow,1020,98,6.12,130,46.2352,-63.1267
Charlottetown,CA,2025-03-31 07:00:00,-1.09,-7.01,-1.09,-1.09,snow,1019,97,6.35,127,46.2352,-63.1267
Charlottetown,CA,2025-03-31 08:00:00,-0.93,-7.02,-0.93,-0.93,snow,1018,96,6.81,122,46.2352,-63.1267
Charlottetown,CA,2025-03-31 09:00:00,-0.72,-7.06,-0.72,-0.72,snow,1017,95,7.5,127,46.2352,-63.1267
Charlottetown,CA,2025-03-31 10:00:00,-0.49,-6.72,-0.49,-0.49,snow,1016,96,7.4,128,46.2352,-63.1267
Charlottetown,CA,2025-03-31 11:00:00,0.1,-6.06,0.1,0.1,light snow,1014,96,7.65,133,46.2352,-63.1267
Charlottetown,CA,2025-03-31 12:00:00,0.24,-5.95,0.24,0.24,moderate rain,1012,98,7.83,139,46.2352,-63.1267
Charlottetown,CA,2025-03-31 13:00:00,0.63,-5.07,0.63,0.63,moderate rain,1010,99,6.93,143,46.2352,-63.1267
Charlottetown,CA,2025-03-31 14:00:00,1.14,-4.23,1.14,1.14,light rain,1009,100,6.49,147,46.2352,-63.1267
Charlottetown,CA,2025-03-31 15:00:00,1.98,-2.74,1.98,1.98,moderate rain,1007,100,5.59,154,46.2352,-63.1267
Charlottetown,CA,2025-03-31 16:00:00,3.41,-0.97,3.41,3.41,light rain,1006,100,5.65,174,46.2352,-63.1267
Charlottetown,CA,2025-03-31 17:00:00,5.01,0.53,5.01,5.01,overcast clouds,1004,100,6.98,188,46.2352,-63.1267
Charlottetown,CA,2025-03-31 18:00:00,6.5,2.25,6.5,6.5,overcast clouds,1003,100,7.6,193,46.2352,-63.1267
Charlottetown,CA,2025-03-31 19:00:00,8.16,3.99,8.16,8.16,overcast clouds,1003,100,9.12,205,46.2352,-63.1267
Charlottetown,CA,2025-03-31 20:00:00,8.51,4.47,8.51,8.51,overcast clouds,1002,99,9,210,46.2352,-63.1267
Charlottetown,CA,2025-03-31 21:00:00,7.95,4.15,7.95,7.95,moderate rain,1003,100,7.52,215,46.2352,-63.1267
Charlottetown,CA,2025-03-31 22:00:00,7.64,3.89,7.64,7.64,moderate rain,1003,100,7.04,222,46.2352,-63.1267
Charlottetown,CA,2025-03-31 23:00:00,7.23,3.72,7.23,7.23,light rain,1003,100,6.02,222,46.2352,-63.1267
St. John's,CA,2025-03-31 00:00:00,-0.93,-6.42,-1.21,-0.93,few clouds,1024,87,5.6,255,47.5649,-52.7093
St. John's,CA,2025-03-31 01:00:00,-0.93,-6.5,-1.04,-0.93,scattered clouds,1024,88,5.74,261,47.5649,-52.7093
St. John's,CA,2025-03-31 02:00:00,-0.92,-6.15,-0.96,-0.92,scattered clouds,1024,88,5.14,270,47.5649,-52.7093
St. John's,CA,2025-03-31 03:00:00,-0.88,-5.6,-0.88,-0.88,broken clouds,1024,89,4.34,284,47.5649,-52.7093
St. John's,CA,2025-03-31 04:00:00,-1.04,-5.23,-1.04,-1.04,overcast clouds,1024,88,3.56,302,47.5649,-52.7093
St. John's,CA,2025-03-31 05:00:00,-1.08,-4.74,-1.08,-1.08,overcast clouds,1025,85,2.94,305,47.5649,-52.7093
St. John's,CA,2025-03-31 06:00:00,-1.17,-4.49,-1.17,-1.17,overcast clouds,1025,82,2.58,306,47.5649,-52.7093
St. John's,CA,2025-03-31 07:00:00,-1.21,-4.72,-1.21,-1.21,overcast clouds,1026,79,2.76,305,47.5649,-52.7093
St. John's,CA,2025-03-31 08:00:00,-1.04,-4.48,-1.04,-1.04,overcast clouds,1026,74,2.72,305,47.5649,-52.7093
St. John's,CA,2025-03-31 09:00:00,-0.86,-3.85,-0.86,-0.86,overcast clouds,1026,69,2.33,310,47.5649,-52.7093
St. John's,CA,2025-03-31 10:00:00,-0.57,-2.65,-0.57,-0.57,overcast clouds,1026,65,1.66,314,47.5649,-52.7093
St. John's,CA,2025-03-31 11:00:00,-0.03,-0.03,-0.03,-0.03,overcast clouds,1026,61,0.83,303,47.5649,-52.7093
St. John's,CA,2025-03-31 12:00:00,0.7,0.7,0.7,0.7,overcast clouds,1026,58,0.33,188,47.5649,-52.7093
St. John's,CA,2025-03-31 13:00:00,1.28,1.28,1.28,1.28,overcast clouds,1025,57,1.17,155,47.5649,-52.7093
St. John's,CA,2025-03-31 14:00:00,1.68,-0.49,1.68,1.68,overcast clouds,1025,58,1.99,158,47.5649,-52.7093
St. John's,CA,2025-03-31 15:00:00,1.44,-1.31,1.44,1.44,overcast clouds,1024,64,2.49,152,47.5649,-52.7093
St. John's,CA,2025-03-31 16:00:00,0.05,-3.06,0.05,0.05,light snow,1024,77,2.6,146,47.5649,-52.7093
St. John's,CA,2025-03-31 17:00:00,-0.38,-4.05,-0.38,-0.38,light snow,1023,86,3.11,148,47.5649,-52.7093
St. John's,CA,2025-03-31 18:00:00,-0.9,-5.68,-0.9,-0.9,light snow,1022,94,4.43,157,47.5649,-52.7093
St. John's,CA,2025-03-31 19:00:00,-1.42,-7.16,-1.42,-1.42,snow,1021,96,5.82,155,47.5649,-52.7093
St. John's,CA,2025-03-31 20:00:00,-1.53,-7.54,-1.53,-1.53,snow,1020,96,6.29,145,47.5649,-52.7093
St. John's,CA,2025-03-31 21:00:00,-1.32,-8.32,-1.32,-1.32,snow,1017,96,8.93,135,47.5649,-52.7093
St. John's,CA,2025-03-31 22:00:00,-0.86,-7.86,-0.86,-0.86,snow,1015,97,9.43,136,47.5649,-52.7093
St. John's,CA,2025-03-31 23:00:00,-0.33,-7.33,-0.33,-0.33,snow,1013,97,9.83,150,47.5649,-52.7093
